"Player_Name","Round_1","Round_2","Round_3","Round_4","Round_5","Round_6","Round_7"
"GARY HUA","W","W","W","W","W","D","D"
"DAKSHESH DARURI","W","W","L","W","W","W","W"
"ADITYA BAJAJ","L","W","W","W","W","W","W"
"PATRICK H SCHILLING","W","D","W","W","D","W","D"
"HANSHI ZUO","W","W","D","D","D","W","W"
"HANSEN SONG","W","D","L","W","D","W","W"
"GARY DEE SWATHELL","W","W","W","W","L","W","L"
"EZEKIEL HOUGHTON","W","W","L","L","W","W","W"
"STEFANO LEE","W","L","W","W","W","L","W"
"ANVIT RAO","D","L","W","W","D","W","W"
"CAMERON WILLIAM MC LEMAN","D","W","W","L","L","W","W"
"KENNETH J TACK","W","W","D","W","D","L",NA
"TORRANCE HENRY JR","W","W","L","D","W","L","W"
"BRADLEY SHAW","W","W","W","L","D","L","W"
"ZACHARY JAMES HOUGHTON","D","L","W","L","W","W","W"
"MIKE NIKITIN","D","W","W","L","W",NA,NA
"RONALD GRZEGORCZYK","W","W","L","L","W","W","L"
"DAVID SUNDEEN","W","W","L","W","L","W","L"
"DIPANKAR ROY","D","W","W","D","W","L","L"
"JASON ZHENG","L","W","W","W","W","L","L"
"DINH DANG BUI","W","L","W","L","W","W","L"
"EUGENE L MCCLURE","W","D","L","W","L","W",NA
"ALAN BUI","L","W","L","W","L","W","W"
"MICHAEL R ALDRICH","L","L","W","L","W","W","W"
"LOREN SCHWIEBERT","L","W","L","W","D","L","W"
"MAX ZHU","W","W","W","L","L","D","L"
"GAURAV GIDWANI","W","L","W","W","D","L",NA
"SOFIA ADINA STANESCU-BELLU","W","D","W","D","L","L","D"
"CHIEDOZIE OKORIE","W","D","L","L","W","W",NA
"GEORGE AVERY JONES","L","D","L","W","L","W","W"
"RISHI SHETTY","L","D","W","L","W","W","L"
"JOSHUA PHILIP MATHEWS","W","L","W","L","W","D","L"
"JADE GE","W","L","W","D","L","L","W"
"MICHAEL JEFFERY THOMAS","L","W","L","W","D","L","W"
"JOSHUA DAVID LEE","L","L","W","L","W","D","W"
"SIDDHARTH JHA","L","W","W","D","L","D",NA
"AMIYATOSH PWNANANDAM","L","W","L","L","W",NA,NA
"BRIAN LIU","D","W","W","L","L","L",NA
"JOEL R HENDON","L","W","W","L","W","L","L"
"FOREST ZHANG","W","L","L","W","L","W","L"
"KYLE WILLIAM MURPHY","W","L","W","L",NA,NA,NA
"JARED GE","L","L","L","D","D","W","W"
"ROBERT GLEN VASEY","L","L","L","W","W","L","W"
"JUSTIN D SCHILLING","L","L","W","L","L","W",NA
"DEREK YAN","L","L","D","L","W","D","W"
"JACOB ALEXANDER LAVALLEY","W","L","L","L","W","W","L"
"ERIC WRIGHT","L","W","L","W","L","D","L"
"DANIEL KHAIN","L","W","D","L","L",NA,NA
"MICHAEL J MARTIN","L","L","D","D","W",NA,NA
"SHIVAM JHA","L","W","L","W","L","L",NA
"TEJAS AYYAGARI","L","W","L","W","L","D","L"
"ETHAN GUO","W","D","L","D","L","D","L"
"JOSE C YBARRA","L","L","W",NA,NA,NA,NA
"LARRY HODGE","L","L","L","L","L","W",NA
"ALEX KONG","L","D","L","L","D","L",NA
"MARISA RICCI","L","L","W","L","L",NA,NA
"MICHAEL LU","L","L","W","L","L","L",NA
"VIRAJ MOHILE","W","L","L","L","L","L",NA
"SEAN M MC CORMICK","L","L","L","L","W","L",NA
"JULIA SHEN","L","L","D","D","L",NA,NA
"JEZZEL FARKAS","L","L","W","L","D","L","L"
"ASHWIN BALAJI","W",NA,NA,NA,NA,NA,NA
"THOMAS JOSEPH HOSMER","L","L","D","L","L",NA,NA
"BEN LI","L","D","L","D","L","L","L"
